{
  "affine": {
    "coeff_x": [
      8.686597609483517e-05,
      0.0005830070316184705,
      0.08269253356918949
    ],
    "coeff_y": [
      0.0007549237846749765,
      -0.00039919801702630584,
      -0.4361371657965128
    ],
    "description": "robot_x = coeff[0]*pixel_x + coeff[1]*pixel_y + coeff[2]"
  },
  "trusted_points": [
    [
      651,
      371,
      0.348,
      -0.1
    ],
    [
      817,
      351,
      0.35,
      0.039
    ],
    [
      745,
      517,
      0.448,
      -0.1
    ],
    [
      908,
      479,
      0.448,
      0.039
    ],
    [
      842,
      688,
      0.548,
      -0.1
    ],
    [
      973,
      666,
      0.548,
      0.04
    ],
    [
      795,
      534,
      0.489,
      0.016
    ]
  ],
  "mean_error_mm": 23.8,
  "max_error_mm": 70.1
}